2.01941,0.940863,2.02,1
2.03764,0.882259,2.04,1.00003
2.0547,0.82417,2.06,1.00012
2.07061,0.766567,2.08001,1.00035
2.08537,0.709416,2.10002,1.00079
2.09899,0.652679,2.12004,1.00154
2.11148,0.596309,2.14008,1.00272
2.12284,0.540259,2.16015,1.00442
2.13309,0.484478,2.18026,1.00677
2.14222,0.428911,2.20043,1.00989
2.15025,0.373507,2.22066,1.0139
2.15716,0.318209,2.24099,1.01891
2.16298,0.262967,2.26143,1.02502
2.16768,0.207731,2.282,1.03234
2.17128,0.152452,2.30273,1.04093
2.17378,0.097091,2.32365,1.05088
2.17517,0.0416105,2.34477,1.06221
2.17544,-0.0140181,2.36614,1.07496
2.17461,-0.0698154,2.38778,1.0891
2.17265,-0.125792,2.40972,1.10459
2.16957,-0.18195,2.43197,1.12136
2.16537,-0.238278,2.45458,1.13929
2.16004,-0.294755,2.47755,1.15821
2.15358,-0.351349,2.50091,1.17794
2.14599,-0.408016,2.52467,1.19821
2.13726,-0.464704,2.54884,1.21876
2.1274,-0.521352,2.57342,1.23926
2.11641,-0.577897,2.59841,1.25935
2.10428,-0.634272,2.62379,1.27864
2.09104,-0.690411,2.64955,1.29674
2.07667,-0.746256,2.67565,1.31323
2.06119,-0.801756,2.70206,1.32767
2.0446,-0.856875,2.72874,1.33964
2.02692,-0.911594,2.75563,1.34873
2.00814,-0.96591,2.78267,1.35453
1.98828,-1.01984,2.80979,1.35665
1.96735,-1.07344,2.83691,1.35471
1.94535,-1.12676,2.86395,1.34835
1.92228,-1.17989,2.89081,1.33722
1.89815,-1.23295,2.9174,1.32097
1.87296,-1.28605,2.94361,1.29925
1.84671,-1.33934,2.96933,1.27171
1.81939,-1.39299,2.99444,1.238
1.79098,-1.44715,3.01881,1.19772
1.76149,-1.50202,3.0423,1.15049
1.7309,-1.55777,3.06478,1.09586
1.69918,-1.6146,3.08608,1.03337
1.66631,-1.67268,3.10606,0.962534
1.63226,-1.7322,3.12453,0.882832
1.59701,-1.79331,3.14131,0.793716
1.56052,-1.85616,3.15621,0.694621
1.52275,-1.92087,3.16902,0.584972
1.48367,-1.98752,3.17953,0.464198
1.44323,-2.05616,3.18751,0.33175
1.40141,-2.12677,3.19272,0.187115
1.35815,-2.19928,3.19491,0.0298393
1.31343,-2.27355,3.19383,-0.140448
1.2672,-2.34934,3.18921,-0.324015
1.21944,-2.42633,3.18078,-0.521001
1.17014,-2.5041,3.16828,-0.731402
1.11928,-2.58211,3.15143,-0.955053
1.06686,-2.65972,3.12999,-1.19162
1.0129,-2.73616,3.10369,-1.44058
0.957425,-2.81055,3.07229,-1.70126
0.900495,-2.8819,3.03556,-1.97279
0.842177,-2.94908,2.99331,-2.25414
0.782568,-3.01085,2.94534,-2.54412
0.721788,-3.06587,2.8915,-2.8414
0.659987,-3.11268,2.83165,-3.14446
0.597346,-3.14969,2.76569,-3.45164
0.534076,-3.17523,2.69356,-3.76114
0.470425,-3.18754,2.61524,-4.07099
0.406675,-3.18479,2.53074,-4.3791
0.343146,-3.16517,2.4401,-4.68332
0.280193,-3.12689,2.34344,-4.9815
0.218206,-3.06829,2.2409,-5.27164
0.157606,-2.98793,2.13264,-5.55206
0.0988414,-2.88465,2.01889,-5.82157
0.042378,-2.7577,1.89986,-6.07977
-0.0113065,-2.60675,1.77577,-6.32725
-0.0617325,-2.43191,1.64683,-6.56579
-0.108427,-2.2337,1.51318,-6.79858
-0.150931,-2.013,1.37489,-7.03033
-0.188804,-1.7709,1.23193,-7.26731
-0.221632,-1.50866,1.08411,-7.51725
-0.249026,-1.22777,0.931093,-7.78907
-0.270632,-0.93027,0.772342,-8.09193
-0.286149,-0.619777,0.60716,-8.43293
-0.295384,-0.303756,0.434766,-8.81208
-0.298363,0.0022297,0.254527,-9.21241
-0.295553,0.268896,0.0664379,-9.58594
-0.288164,0.452135,-0.128171,-9.84834
-0.278323,0.508554,-0.326142,-9.91084
-0.268763,0.425841,-0.52307,-9.74757
-0.262025,0.233709,-0.714942,-9.42048
-0.259827,-0.020539,-0.899439,-9.02479
-0.263001,-0.298571,-1.07596,-8.63144
-0.271776,-0.577961,-1.24495,-8.27471
-0.286055,-0.847834,-1.40726,-7.96417
-0.305594,-1.1035,-1.56381,-7.69738
-0.330087,-1.34305,-1.7154,-7.46745
-0.359203,-1.56568,-1.8627,-7.26659
-0.392598,-1.77093,-2.00621,-7.08758
-0.429922,-1.95845,-2.14631,-6.92426
-0.470816,-2.12791,-2.28325,-6.77172
-0.514916,-2.2791,-2.41722,-6.6262
-0.561857,-2.41192,-2.54833,-6.48509
-0.611272,-2.52652,-2.67664,-6.34673
-0.662799,-2.62328,-2.80221,-6.21034
-0.716088,-2.70283,-2.92507,-6.07584
-0.770804,-2.76606,-3.04526,-5.94372
-0.826629,-2.81405,-3.16284,-5.81486
-0.883272,-2.84804,-3.27788,-5.69041
-0.940466,-2.86935,-3.39049,-5.57162
-0.997971,-2.87936,-3.50079,-5.45972
-1.05557,-2.8794,-3.60894,-5.35587
-1.11309,-2.87077,-3.71509,-5.26105
-1.17035,-2.85464,-3.81944,-5.17603
-1.22723,-2.83207,-3.9222,-5.10133
-1.2836,-2.80397,-4.02357,-5.03721
-1.33936,-2.7711,-4.12376,-4.98369
-1.39442,-2.73404,-4.22298,-4.94048
-1.4487,-2.69323,-4.32144,-4.90706
-1.50212,-2.64893,-4.41933,-4.88262
-1.55463,-2.60124,-4.5168,-4.86609
-1.60615,-2.55013,-4.61401,-4.85618
-1.65661,-2.4954,-4.71108,-4.85134
-1.70594,-2.43675,-4.80809,-4.84982
-1.75405,-2.37381,-4.90508,-4.84971
-1.80086,-2.30611,-5.00207,-4.84898
-1.84626,-2.23322,-5.09903,-4.84559
-1.89015,-2.15471,-5.19587,-4.83755
-1.93241,-2.07027,-5.29248,-4.82306
-1.97292,-1.97973,-5.38874,-4.80058
-2.01156,-1.88308,-5.48445,-4.76893
-2.04821,-1.78055,-5.57943,-4.72738
-2.08275,-1.67258,-5.67347,-4.67567
-2.11508,-1.55978,-5.76639,-4.61399
-2.14511,-1.44296,-5.85797,-4.54298
-2.17277,-1.32302,-5.94805,-4.46362
-2.19802,-1.20095,-6.03647,-4.37714
-2.2208,-1.07772,-6.1231,-4.28497
-2.24112,-0.954274,-6.20784,-4.18859
-2.25898,-0.831481,-6.29062,-4.08949
-2.27439,-0.710088,-6.37141,-3.98908
-2.2874,-0.590722,-6.45019,-3.88871
-2.29804,-0.473873,-6.52697,-3.78954
-2.30637,-0.359904,-6.60178,-3.69264
-2.31245,-0.249048,-6.67469,-3.59892
-2.31635,-0.141429,-6.74577,-3.50916
-2.31813,-0.0370674,-6.81509,-3.42403
-2.31786,0.0641033,-6.88276,-3.34412
-2.31559,0.162223,-6.94889,-3.26992
-2.31139,0.257496,-7.0136,-3.20187
-2.30531,0.350174,-7.07701,-3.14039
-2.2974,0.440554,-7.13926,-3.08585
-2.2877,0.528966,-7.2005,-3.03863
-2.27625,0.615766,-7.26086,-2.99909
-2.26308,0.701329,-7.32051,-2.96761
-2.2482,0.786041,-7.37962,-2.94455
-2.23164,0.870289,-7.43835,-2.93027
-2.21339,0.954447,-7.49689,-2.9251
-2.19346,1.03886,-7.55542,-2.92928
-2.17183,1.12381,-7.61413,-2.94292
-2.1485,1.20947,-7.6732,-2.96587
-2.12345,1.29589,-7.73282,-2.99762
-2.09666,1.38287,-7.79315,-3.03708
-2.06813,1.4699,-7.85434,-3.08237
-2.03787,1.55611,-7.91647,-3.13065
-2.0059,1.64019,-7.97956,-3.17795
-1.97229,1.72047,-8.04355,-3.21925
-1.93712,1.79503,-8.10825,-3.2489
-1.90054,1.86209,-8.17339,-3.26135
-1.8627,1.9203,-8.23856,-3.25212
-1.82379,1.96918,-8.30331,-3.21868
-1.78399,2.00919,-8.36715,-3.1608
-1.74347,2.04163,-8.42959,-3.08026
-1.70236,2.06835,-8.49023,-2.98019
-1.66076,2.0914,-8.54869,-2.86414
-1.61872,2.1127,-8.60471,-2.73539
-1.57625,2.13393,-8.65804,-2.59657
-1.53335,2.15643,-8.70852,-2.4495
-1.48998,2.18121,-8.75597,-2.2952
-1.44608,2.20903,-8.80028,-2.13407
-1.4016,2.24043,-8.84129,-1.96598
-1.35644,2.27576,-8.87887,-1.79041
-1.31054,2.31524,-8.91285,-1.60661
-1.2638,2.35899,-8.94307,-1.41367
-1.21615,2.407,-8.96933,-1.2106
-1.16749,2.45919,-8.99142,-0.996413
-1.11776,2.51534,-9.00911,-0.770201
-1.06686,2.57514,-9.02214,-0.531177
-1.01473,2.63814,-9.03027,-0.278741
-0.961314,2.70375,-9.0332,-0.0125314
-0.906566,2.77125,-9.03067,0.267538
-0.850457,2.83974,-9.02241,0.56124
-0.792977,2.90816,-9.00814,0.868023
-0.734139,2.9753,-8.98761,1.187
-0.673983,3.03981,-8.96058,1.51696
-0.612575,3.10017,-8.92686,1.85641
-0.550014,3.15477,-8.88628,2.20356
-0.486434,3.20186,-8.83868,2.55642
-0.422002,3.2396,-8.784,2.91279
-0.356925,3.2661,-8.72216,3.27031
-0.291446,3.27938,-8.65319,3.62648
-0.225851,3.27747,-8.57713,3.97873
-0.160462,3.25841,-8.49409,4.32446
-0.0956412,3.22033,-8.40421,4.66112
-0.031787,3.1615,-8.30772,4.98635
0.0306705,3.08044,-8.20485,5.29814
0.0912746,2.976,-8.09589,5.59502
0.149549,2.84743,-7.98115,5.8763
0.205009,2.69447,-7.86094,6.14233
0.257167,2.51732,-7.73555,6.39468
0.305545,2.31668,-7.60523,6.63634
0.349684,2.09357,-7.47014,6.8718
0.389147,1.84932,-7.33036,7.10715
0.423526,1.58541,-7.1858,7.34994
0.452443,1.30347,-7.03625,7.60893
0.475557,1.00549,-6.88128,7.89339
0.492576,0.69459,-6.72029,8.21132
0.503293,0.376676,-6.55258,8.56561
0.507674,0.0638754,-6.37748,8.94617
0.506034,-0.220431,-6.19478,9.31767
0.499297,-0.438437,-6.0053,9.61014
0.489235,-0.546638,-5.8115,9.73568
0.478333,-0.521658,-5.61734,9.64523
0.469157,-0.379788,-5.42692,9.37294
0.463639,-0.163325,-5.24305,9.00575
0.462846,0.0871297,-5.06679,8.62241
0.467173,0.345387,-4.89796,8.26766
0.476622,0.598018,-4.73578,7.95833
0.491016,0.839136,-4.57931,7.69603
0.510096,1.06651,-4.42765,7.47598
0.53358,1.27945,-4.28003,7.29147
0.561177,1.47779,-4.1358,7.13583
0.592594,1.66148,-3.99445,7.00317
0.627538,1.83048,-3.85556,6.88856
0.665714,1.98468,-3.71881,6.7881
0.706826,2.124,-3.58396,6.6988
0.750575,2.24841,-3.4508,6.61851
0.796663,2.35797,-3.31917,6.54583
0.844796,2.45288,-3.18892,6.47997
0.894683,2.53346,-3.05992,6.42066
0.946042,2.60018,-2.93205,6.36801
0.998601,2.65358,-2.80516,6.32237
1.0521,2.69426,-2.6791,6.28417
1.10629,2.72279,-2.55374,6.25379
1.16093,2.73967,-2.4289,6.23143
1.2158,2.74526,-2.30443,6.21691
1.27067,2.73972,-2.18017,6.2096
1.32532,2.72296,-2.056,6.20831
1.37951,2.69466,-1.93181,6.21122
1.43302,2.65424,-1.80754,6.21591
1.4856,2.60096,-1.68319,6.21946
1.53697,2.53397,-1.55879,6.21858
1.58686,2.45251,-1.43449,6.2099
1.63497,2.35606,-1.31047,6.19034
1.681,2.24446,-1.18697,6.15738
1.72465,2.1181,-1.06428,6.10942
1.76563,1.97792,-0.942697,6.04598
1.80368,1.82541,-0.822537,5.96771
1.83858,1.66251,-0.704076,5.87631
1.87013,1.49146,-0.587555,5.77436
1.8982,1.31457,-0.473152,5.66496
1.92269,1.1341,-0.360983,5.55151
1.94355,0.952077,-0.251095,5.43746
1.96077,0.770216,-0.143467,5.32612
1.97437,0.589858,-0.0380123,5.22053
1.98438,0.411951,0.0654115,5.12348
1.99087,0.237063,0.167001,5.03746
1.99389,0.0654077,0.266999,4.96473
1.99351,-0.103116,0.365692,4.90737
1.98978,-0.268881,0.463409,4.86737
1.98277,-0.432489,0.560516,4.84666
1.97249,-0.594714,0.657417,4.84719
1.95898,-0.756436,0.754557,4.87084
1.94223,-0.918535,0.852417,4.91937
1.92223,-1.08172,0.951507,4.99407
1.89895,-1.24621,1.05236,5.09509
1.87238,-1.41128,1.15547,5.2204
1.84251,-1.57448,1.26129,5.3639
1.80944,-1.73078,1.37007,5.51332
1.77338,-1.872,1.48173,5.64861
1.73473,-1.98763,1.59575,5.74364
1.69412,-2.06789,1.71104,5.77346
1.65229,-2.10823,1.82616,5.72513
1.61003,-2.11198,1.93956,5.60416
1.56799,-2.08857,2.04997,5.43055
1.52659,-2.04926,2.15659,5.22848
1.48606,-2.00359,2.25906,5.01808
1.44645,-1.95818,2.35735,4.81253
1.40771,-1.91695,2.45164,4.61884
1.36973,-1.88195,2.5422,4.43976
1.33238,-1.85409,2.62933,4.27551
1.29552,-1.83363,2.71331,4.12499
1.25899,-1.82054,2.79441,3.98644
1.22265,-1.81466,2.87284,3.85789
1.18635,-1.8158,2.94878,3.73734
1.14997,-1.82377,3.02237,3.6229
1.11336,-1.83839,3.09372,3.51284
1.07639,-1.85951,3.1629,3.40568
1.03894,-1.88691,3.22996,3.30027
1.00087,-1.9203,3.29492,3.19589
0.962086,-1.95927,3.3578,3.0924
0.922469,-2.00315,3.41863,2.99042
0.881933,-2.05104,3.47744,2.89145
0.840409,-2.10169,3.53432,2.79803
0.797857,-2.15357,3.58942,2.71367
0.75427,-2.20491,3.64296,2.64272
0.709677,-2.25387,3.69525,2.58997
0.664143,-2.29872,3.74671,2.56012
0.617765,-2.33814,3.79784,2.55719
0.570659,-2.37138,3.8492,2.58388
0.522951,-2.39846,3.9014,2.64129
0.474756,-2.42017,3.95505,2.72884
0.42617,-2.43801,4.01074,2.84453
0.377248,-2.45403,4.069,2.9855
0.328005,-2.4706,4.1303,3.14865
0.278404,-2.49024,4.19507,3.33133
0.228358,-2.51549,4.26368,3.53179
0.17773,-2.54883,4.33646,3.74966
0.126334,-2.59272,4.41379,3.98606
0.0739345,-2.64967,4.49605,4.24387
0.0202428,-2.72238,4.58371,4.52772
-0.0350857,-2.81388,4.67737,4.84421
-0.0924605,-2.9276,4.77776,5.20183
-0.152363,-3.06723,4.88579,5.61057
-0.215344,-3.23595,5.00258,6.08014
-0.281999,-3.43416,5.12943,6.61457
-0.352857,-3.6536,5.26751,7.19839
-0.428107,-3.86636,5.4173,7.76974
-0.507085,-4.01458,5.57733,8.19455
-0.58778,-4.02866,5.74298,8.30916
-0.667168,-3.88691,5.90725,8.06492
-0.742549,-3.6399,6.064,7.58705
-0.812532,-3.35692,6.21031,7.04366
-0.87688,-3.08105,6.34602,6.53767
-0.935933,-2.82851,6.47233,6.10704
-0.990192,-2.60146,6.59084,5.75665
-1.04014,-2.39678,6.70308,5.47958
-1.08618,-2.21005,6.81044,5.26641
-1.12863,-2.03702,6.91411,5.10842
-1.16773,-1.87412,7.0151,4.9983
-1.20365,-1.71852,7.11432,4.93004
-1.23651,-1.56819,7.21255,4.89838
-1.2664,-1.42197,7.31046,4.89824
-1.29341,-1.27961,7.40865,4.92413
-1.31762,-1.14189,7.50756,4.96959
-1.33913,-1.01065,7.60751,5.02683
-1.3581,-0.888676,7.70865,5.08676
-1.37476,-0.77934,7.81093,5.13966
-1.38938,-0.685969,7.91413,5.17646
-1.40232,-0.611059,8.01784,5.19036
-1.41396,-0.555629,8.12157,5.17819
-1.42467,-0.518967,8.2248,5.14084
-1.43483,-0.498888,8.32706,5.0826
-1.44472,-0.492334,8.428,5.00972
-1.45459,-0.496033,8.5274,4.92893
-1.46461,-0.507,8.62515,4.84634
-1.4749,-0.522805,8.72127,4.76688
-1.48554,-0.541642,8.81587,4.69419
-1.49658,-0.562273,8.9091,4.63079
-1.50804,-0.583925,9.00117,4.57829
-1.51994,-0.606178,9.09231,4.53772
-1.53229,-0.628867,9.18277,4.5097
-1.5451,-0.652002,9.27279,4.49464
-1.55837,-0.67571,9.36264,4.49282
-1.57213,-0.700183,9.45259,4.5045
-1.58639,-0.72564,9.54291,4.52994
-1.60116,-0.752289,9.63388,4.5694
-1.61649,-0.780271,9.72578,4.62309
-1.63238,-0.809599,9.8189,4.69107
-1.64888,-0.84006,9.91352,4.77304
-1.66599,-0.871071,10.0099,4.86809
-1.68372,-0.901488,10.1083,4.97422
-1.70203,-0.929367,10.2089,5.0878
-1.72086,-0.951723,10.3118,5.20301
-1.74004,-0.964427,10.417,5.31149
-1.75933,-0.962447,10.5242,5.40283
-1.7784,-0.940637,10.6329,5.46633
-1.7968,-0.895044,10.7426,5.49391
-1.81403,-0.824185,10.8524,5.48304
-1.82961,-0.729534,10.9617,5.43775
-1.84308,-0.614882,11.0698,5.36706
-1.8541,-0.485002,11.1763,5.28182
-1.86241,-0.344418,11.281,5.1918
-1.86783,-0.196726,11.384,5.10427
-1.87025,-0.0444464,11.4852,5.02367
-1.86959,0.110804,11.585,4.95212
-1.8658,0.268054,11.6834,4.89001
-1.85886,0.426726,11.7806,4.8366
-1.84873,0.586447,11.8769,4.7904
-1.8354,0.746908,11.9723,4.74949
-1.81885,0.907778,12.0669,4.71166
-1.79909,1.06865,12.1608,4.67454
-1.77611,1.229,12.2539,4.63567
-1.74993,1.38819,12.3462,4.59253
-1.72059,1.54546,12.4375,4.54261
-1.68813,1.69997,12.5278,4.48343
-1.65262,1.85077,12.6168,4.41261
-1.61413,1.9969,12.7042,4.32789
-1.57278,2.13737,12.7898,4.22723
-1.52868,2.27123,12.8732,4.10881
-1.48198,2.39762,12.954,3.97108
-1.43283,2.51577,13.0319,3.81283
-1.38141,2.62508,13.1064,3.63316
-1.32789,2.72508,13.1771,3.43153
-1.27247,2.81553,13.2435,3.20773
-1.21533,2.89637,13.3052,2.96191
-1.15668,2.96776,13.3618,2.69451
-1.09668,3.03009,13.4129,2.40628
-1.03553,3.08396,13.4579,2.09825
-0.973376,3.13026,13.4967,1.77167
-0.910363,3.17007,13.5287,1.42796
-0.846608,3.20476,13.5537,1.06868
-0.782196,3.23595,13.5713,0.695348
-0.717181,3.26547,13.5814,0.309363
-0.651575,3.2954,13.5836,-0.0881747
-0.585347,3.32804,13.5778,-0.496638
-0.518419,3.36586,13.5637,-0.916049
-0.45066,3.41154,13.5411,-1.34723
-0.381886,3.46787,13.5097,-1.79186
-0.311855,3.53772,13.4693,-2.25239
-0.240269,3.62378,13.4195,-2.73152
-0.166782,3.72809,13.3599,-3.2309
-0.0910219,3.85084,13.2902,-3.74826
-0.0126494,3.98814,13.2099,-4.27161
0.0685257,4.12824,13.1194,-4.76989
0.152346,4.24781,13.0197,-5.18371
0.238081,4.31417,12.9132,-5.43088
0.324371,4.30061,12.804,-5.44498
0.40956,4.20647,12.697,-5.22584
0.492264,4.05777,12.5961,-4.84088
0.571729,3.88742,12.5039,-4.37508
0.647778,3.7192,12.4212,-3.8907
0.720594,3.56518,12.3482,-3.42064
0.790508,3.4294,12.2842,-2.9778
0.857891,3.31178,12.2289,-2.56474
0.923088,3.21045,12.1815,-2.17972
0.986402,3.12301,12.1415,-1.81965
1.04808,3.047,12.1085,-1.48145
1.10834,2.98015,12.0821,-1.16256
1.16734,2.92042,12.0619,-0.86103
1.22519,2.86601,12.0476,-0.575525
1.282,2.81537,12.0388,-0.305197
1.33783,2.76718,12.0353,-0.0495784
1.3927,2.7203,12.0367,0.191537
1.44664,2.67379,12.0428,0.418193
1.49965,2.6269,12.0533,0.630354
1.55171,2.57903,12.0679,0.827973
1.6028,2.52974,12.0864,1.01103
1.65289,2.47871,12.1083,1.17957
1.70194,2.42573,12.1334,1.33371
1.7499,2.37071,12.1615,1.47364
1.79675,2.31362,12.1923,1.59963
1.84243,2.25451,12.2254,1.71201
1.88692,2.19348,12.2607,1.81117
1.93016,2.13067,12.2978,1.89754
1.97213,2.06624,12.3365,1.97159
2.0128,2.0004,12.3766,2.0338
2.05214,1.93336,12.4178,2.0847
2.09013,1.86533,12.4599,2.1248
2.12675,1.79655,12.5027,2.15464
2.16199,1.72725,12.546,2.17476
2.19584,1.65766,12.5896,2.18569
2.22829,1.588,12.6334,2.18798
2.25936,1.5185,12.6771,2.18215
2.28904,1.44936,12.7206,2.16873
2.31734,1.38079,12.7638,2.14826
2.34427,1.31298,12.8065,2.12122
2.36986,1.2461,12.8486,2.08811
2.39413,1.18031,12.89,2.04941
2.41708,1.11575,12.9306,2.00557
2.43876,1.05254,12.9702,1.95703
2.45919,0.990779,13.0088,1.90419
2.47841,0.930562,13.0463,1.84745
2.49643,0.871952,13.0827,1.78715
2.51329,0.814998,13.1178,1.72365
2.52904,0.75973,13.1516,1.65724
2.5437,0.706164,13.1841,1.58823
2.5573,0.654296,13.2151,1.51686
2.56988,0.604111,13.2447,1.44339
2.58147,0.555578,13.2728,1.36804
2.59211,0.508654,13.2994,1.29101
2.60183,0.463283,13.3245,1.21249
2.61065,0.419402,13.3479,1.13263
2.61861,0.376935,13.3698,1.0516
2.62574,0.3358,13.39,0.969547
2.63205,0.295906,13.4085,0.886589
2.63758,0.257158,13.4254,0.802853
2.64235,0.219454,13.4407,0.718451
2.64637,0.182686,13.4542,0.633489
2.64966,0.146746,13.466,0.548069
2.65224,0.111519,13.4761,0.462284
2.65413,0.0768887,13.4845,0.376229
2.65532,0.0427371,13.4911,0.289992
2.65584,0.00894448,13.4961,0.20366
2.65568,-0.02461,13.4993,0.117322
2.65485,-0.0580474,13.5008,0.0310637
2.65336,-0.091489,13.5005,-0.0550286
2.65119,-0.125056,13.4986,-0.140866
2.64835,-0.158867,13.4949,-0.226359
2.64484,-0.193042,13.4895,-0.311415
2.64063,-0.227696,13.4824,-0.395938
2.63572,-0.262944,13.4737,-0.479828
2.63011,-0.298898,13.4633,-0.56298
2.62376,-0.335665,13.4512,-0.645283
2.61667,-0.373348,13.4375,-0.72662
2.60882,-0.412047,13.4221,-0.806866
2.60019,-0.451855,13.4052,-0.885886
2.59074,-0.49286,13.3867,-0.963536
2.58046,-0.535141,13.3667,-1.03966
2.56933,-0.578771,13.3451,-1.11409
2.5573,-0.623813,13.3221,-1.18664
2.54436,-0.670322,13.2977,-1.25712
2.53048,-0.71834,13.2718,-1.3253
2.51562,-0.7679,13.2447,-1.39096
2.49975,-0.819019,13.2162,-1.45384
2.48285,-0.871704,13.1865,-1.51367
2.46487,-0.925946,13.1557,-1.57014
2.4458,-0.98172,13.1238,-1.62294
2.4256,-1.03899,13.0908,-1.67173
2.40423,-1.09769,13.0569,-1.71613
2.38168,-1.15775,13.0222,-1.75575
2.35791,-1.21909,12.9867,-1.79018
2.33291,-1.28159,12.9506,-1.81898
2.30664,-1.34514,12.914,-1.84168
2.2791,-1.40959,12.877,-1.85781
2.25025,-1.47479,12.8397,-1.86685
2.2201,-1.54058,12.8024,-1.86831
2.18863,-1.60677,12.7651,-1.86164
2.15583,-1.67319,12.728,-1.84632
2.1217,-1.73965,12.6913,-1.82179
2.08624,-1.80595,12.6552,-1.78753
2.04946,-1.8719,12.6198,-1.74298
2.01137,-1.93733,12.5855,-1.68764
1.97198,-2.00206,12.5524,-1.62098
1.93129,-2.06595,12.5207,-1.54252
1.88934,-2.12889,12.4908,-1.4518
1.84615,-2.19077,12.4628,-1.34841
1.80172,-2.25158,12.4369,-1.23196
1.75609,-2.31132,12.4136,-1.10212
1.70927,-2.37009,12.3929,-0.9586
1.66129,-2.42807,12.3753,-0.801152
1.61215,-2.4855,12.361,-0.629567
1.56187,-2.54278,12.3502,-0.443654
1.51044,-2.60041,12.3433,-0.243218
1.45785,-2.65901,12.3406,-0.0280205
1.40407,-2.7194,12.3423,0.202265
1.34905,-2.78252,12.3488,0.448109
1.29274,-2.84953,12.3604,0.710195
1.23504,-2.92177,12.3773,0.989485
1.17583,-3.00079,12.4001,1.28727
1.11495,-3.08832,12.4289,1.60516
1.05222,-3.18622,12.4644,1.94502
0.98742,-3.29635,12.5069,2.30853
0.920278,-3.42022,12.5569,2.6964
0.850517,-3.55822,12.6149,3.10649
0.777868,-3.70831,12.6813,3.53032
0.702147,-3.86375,12.7561,3.94745
0.623374,-4.01047,12.8389,4.31899
0.54193,-4.12676,12.9281,4.58663
0.458665,-4.18938,13.0212,4.68865
0.374798,-4.18658,13.1144,4.59286
0.291588,-4.12652,13.2037,4.31824
0.209973,-4.03111,13.2863,3.91972
0.130427,-3.92294,13.3601,3.45497
0.0530348,-3.81756,13.4243,2.96483
-0.0223488,-3.72293,13.4787,2.47179
-0.0959727,-3.64173,13.5232,1.98581
-0.168106,-3.57369,13.5582,1.51008
-0.238996,-3.51704,13.5837,1.04482
-0.308848,-3.46939,13.6,0.589312
-0.377814,-3.42806,13.6073,0.142925
-0.445994,-3.39037,13.6058,-0.294463
-0.513435,-3.35367,13.5956,-0.722349
-0.580131,-3.31546,13.577,-1.13965
-0.646028,-3.2734,13.5501,-1.54484
-0.711027,-3.22539,13.5153,-1.93608
-0.774991,-3.16954,13.4728,-2.31141
-0.837746,-3.10427,13.4229,-2.66887
-0.89909,-3.02828,13.3661,-3.0067
-0.958799,-2.94061,13.3028,-3.32343
-1.01663,-2.84062,13.2334,-3.61797
-1.07234,-2.72801,13.1582,-3.88974
-1.12567,-2.6028,13.0779,-4.1387
-1.17637,-2.46532,12.9928,-4.36538
-1.2242,-2.31618,12.9034,-4.57096
-1.26894,-2.15619,12.8101,-4.75717
-1.31039,-1.98638,12.7133,-4.92636
-1.34834,-1.80785,12.6132,-5.08136
-1.38265,-1.62178,12.5101,-5.22545
-1.41317,-1.42934,12.4042,-5.36224
-1.43979,-1.2317,12.2956,-5.49559
-1.46241,-1.03,12.1844,-5.62933
-1.48097,-0.825435,12.0704,-5.76711
-1.49542,-0.619428,11.9536,-5.91185
-1.50575,-0.413897,11.8339,-6.06513
-1.512,-0.21173,11.711,-6.22601
-1.51427,-0.0174013,11.5848,-6.38959
-1.51279,0.162413,11.4555,-6.54537
-1.50793,0.318716,11.3232,-6.6767
-1.50027,0.441363,11.1887,-6.76314
-1.49056,0.521988,11.0531,-6.78695
-1.47969,0.557561,10.9177,-6.74131
-1.46853,0.552022,10.7838,-6.63428
-1.45782,0.514503,10.6526,-6.48495
-1.44809,0.455663,10.5246,-6.31532
-1.43967,0.384738,10.4,-6.14389
-1.43274,0.308351,10.2787,-5.98328
-1.42735,0.230633,10.1605,-5.84081
-1.42351,0.153844,10.045,-5.71999
-1.42118,0.0790091,9.93158,-5.62206
-1.42033,0.00640438,9.81992,-5.54705
-1.42091,-0.0641203,9.70955,-5.49441
-1.42288,-0.132938,9.6,-5.46342
-1.42622,-0.200515,9.49087,-5.45338
-1.4309,-0.267332,9.38173,-5.46367
-1.43691,-0.333812,9.27219,-5.49377
-1.44425,-0.400262,9.16185,-5.54319
-1.45292,-0.466803,9.05034,-5.61134
-1.46292,-0.53327,8.93728,-5.69739
-1.47425,-0.599091,8.82233,-5.79997
-1.48688,-0.663128,8.70519,-5.91686
-1.50075,-0.723479,8.58559,-6.04454
-1.51577,-0.77729,8.46337,-6.17777
-1.53177,-0.820617,8.33849,-6.30914
-1.54849,-0.848472,8.21108,-6.42908
-1.56557,-0.855178,8.08148,-6.52642
-1.58252,-0.835151,7.95025,-6.58983
-1.59877,-0.784042,7.81817,-6.61015
-1.61366,-0.699889,7.68616,-6.58279
-1.62655,-0.583792,7.55517,-6.50928
-1.63683,-0.43974,7.42605,-6.3971
-1.64399,-0.273641,7.29946,-6.25793
-1.64767,-0.0920225,7.17582,-6.10512
-1.64761,0.099123,7.05526,-5.95156
-1.64367,0.295041,6.93769,-5.8083
-1.6358,0.492483,6.8228,-5.68422
-1.62398,0.689661,6.71015,-5.58619
-1.60822,0.886062,6.59915,-5.51964
-1.58854,1.08222,6.48912,-5.48912
-1.56492,1.27955,6.37931,-5.49896
-1.53733,1.48012,6.26887,-5.55367
-1.50568,1.68663,6.15683,-5.65835
-1.46981,1.90206,6.04216,-5.81862
-1.42952,2.12933,5.92368,-6.03999
-1.38454,2.3701,5.80013,-6.32541
-1.33463,2.62233,5.67027,-6.66957
-1.27964,2.8754,5.53312,-7.04717
-1.21978,3.10383,5.38855,-7.39702
-1.15593,3.26663,5.23809,-7.61939
-1.08981,3.32615,5.08528,-7.62056
-1.0236,3.27916,4.93485,-7.38834
-0.959127,3.16029,4.79079,-7.0009
-0.897379,3.01276,4.65519,-6.55645
-0.838606,2.86623,4.52846,-6.12034
-0.782626,2.7349,4.41012,-5.72142
-0.729076,2.6235,4.29931,-5.36669
-0.677551,2.53228,4.19517,-5.05333
-0.62766,2.45983,4.09694,-4.77523
-0.579045,2.40428,4.00397,-4.52581
-0.531388,2.3638,3.91576,-4.2991
-0.484404,2.33672,3.83189,-4.09015
-0.43784,2.3215,3.75206,-3.89516
-0.391475,2.31666,3.67601,-3.71157
-0.345115,2.32063,3.60353,-3.5381
-0.298603,2.33166,3.53442,-3.37493
-0.251815,2.34775,3.46845,-3.2237
-0.204674,2.3666,3.40537,-3.08748
-0.15715,2.38571,3.34483,-2.97046
-0.109261,2.40258,3.28639,-2.87748
-0.0610767,2.41492,3.22954,-2.81319
-0.012706,2.42102,3.17365,-2.78127
0.0357161,2.41998,3.11806,-2.78368
0.0840459,2.41189,3.06207,-2.82022
0.132151,2.39778,3.00503,-2.88859
0.179929,2.37947,2.94634,-2.98489
0.227318,2.3593,2.88549,-3.10432
0.274305,2.33978,2.82205,-3.24209
0.320929,2.32338,2.75571,-3.39414
0.367276,2.31232,2.68621,-3.55759
0.413471,2.30856,2.61334,-3.73098
0.459678,2.31378,2.5369,-3.91436
0.506092,2.32949,2.45669,-4.10912
0.552937,2.35715,2.37244,-4.31799
0.600468,2.39827,2.28385,-4.54485
0.648969,2.45449,2.1905,-4.79469
0.69876,2.5276,2.09187,-5.07348
0.750197,2.6194,1.98732,-5.38772
0.80367,2.73117,1.87608,-5.7432
0.859575,2.86231,1.7573,-6.14201
0.918258,3.00747,1.63016,-6.57574
0.97987,3.15143,1.49424,-7.01313
1.04411,3.26354,1.35006,-7.3864
1.10991,3.30099,1.19987,-7.59829
1.17542,3.23216,1.04771,-7.57773
1.23852,3.06366,0.898195,-7.345
1.29756,2.83374,0.754688,-6.99507
1.35173,2.58177,0.618524,-6.62366
1.40085,2.33157,0.489494,-6.28793
1.44507,2.09281,0.366611,-6.01094
1.48465,1.86717,0.248633,-5.79721
1.51983,1.65291,0.134321,-5.64358
1.55082,1.44714,0.0225254,-5.54465
1.57775,1.24691,-0.0877922,-5.49489
1.60072,1.04964,-0.197565,-5.48934
1.61975,0.853276,-0.307631,-5.52356
1.63485,0.656497,-0.418744,-5.59331
1.646,0.458819,-0.53157,-5.69404
1.6532,0.260812,-0.646676,-5.82035
1.65644,0.0643154,-0.764509,-5.96537
1.6558,-0.127379,-0.885357,-6.12025
1.65141,-0.30949,-1.00931,-6.27396
1.64352,-0.476014,-1.13622,-6.41373
1.63252,-0.620439,-1.26568,-6.52631
1.61889,-0.736876,-1.39702,-6.60018
1.60326,-0.821356,-1.52938,-6.62795
1.58626,-0.872777,-1.66182,-6.60816
1.56855,-0.893076,-1.79342,-6.54536
1.55072,-0.886568,-1.9234,-6.44867
1.53323,-0.858796,-2.05121,-6.32933
1.51647,-0.815412,-2.1765,-6.19844
1.50069,-0.761398,-2.29914,-6.06557
1.48606,-0.7007,-2.41916,-5.93808
1.47268,-0.636185,-2.53673,-5.82126
1.46062,-0.56977,-2.6521,-5.71864
1.4499,-0.502613,-2.76559,-5.63245
1.44052,-0.435301,-2.87752,-5.5641
1.43249,-0.36801,-2.98828,-5.51445
1.4258,-0.300632,-3.09823,-5.48408
1.42046,-0.232865,-3.20777,-5.47352
1.41649,-0.164289,-3.3173,-5.48331
1.4139,-0.0944265,-3.42724,-5.51407
1.41272,-0.022805,-3.53801,-5.56654
1.413,0.0509573,-3.65005,-5.64147
1.41478,0.127027,-3.76382,-5.73946
1.4181,0.205155,-3.87979,-5.86055
1.42299,0.284355,-3.99839,-6.00361
1.42946,0.362417,-4.12006,-6.16527
1.43745,0.435268,-4.24508,-6.3384
1.4468,0.496319,-4.37359,-6.51049
1.45717,0.536293,-4.50537,-6.66304
1.46804,0.544352,-4.63983,-6.77373
1.47866,0.511037,-4.77591,-6.82277
1.48817,0.432044,-4.91227,-6.80134
1.49566,0.310178,-5.04753,-6.71575
1.50035,0.153823,-5.18058,-6.58376
1.50165,-0.0266862,-5.31071,-6.42618
1.49918,-0.222115,-5.43758,-6.26009
1.49271,-0.425581,-5.56113,-6.09634
1.48213,-0.632463,-5.68148,-5.94004
1.46741,-0.839778,-5.79879,-5.7922
1.44855,-1.04554,-5.91322,-5.65125
1.42561,-1.24829,-6.02487,-5.51424
1.39865,-1.44679,-6.13379,-5.3775
1.36777,-1.63987,-6.23994,-5.23713
1.3331,-1.82637,-6.34322,-5.08928
1.29477,-2.00508,-6.44344,-4.93031
1.25296,-2.17483,-6.54034,-4.75693
1.20785,-2.33451,-6.6336,-4.56633
1.15965,-2.48313,-6.72286,-4.35621
1.1086,-2.61987,-6.80771,-4.12485
1.05494,-2.74417,-6.88771,-3.87117
0.998918,-2.85574,-6.9624,-3.59467
0.940793,-2.9546,-7.03134,-3.29548
0.880816,-3.0411,-7.09408,-2.97426
0.819227,-3.11593,-7.15017,-2.63215
0.75625,-3.18012,-7.19923,-2.27068
0.692085,-3.235,-7.24088,-1.89168
0.626901,-3.28223,-7.2748,-1.49711
0.560834,-3.32372,-7.30068,-1.08894
0.493976,-3.36164,-7.31827,-0.668992
0.426376,-3.39836,-7.32737,-0.238757
0.358033,-3.4364,-7.32776,0.200749
0.288894,-3.47842,-7.31928,0.649101
0.218852,-3.52713,-7.30174,1.10648
0.147747,-3.58513,-7.27496,1.57352
0.0753689,-3.65476,-7.23873,2.0508
0.00146825,-3.73756,-7.19286,2.53773
-0.0742214,-3.83342,-7.13718,3.0302
-0.151934,-3.93893,-7.07169,3.51655
-0.231784,-4.04501,-6.99672,3.97161
-0.313629,-4.13489,-6.91332,4.35158
-0.396918,-4.1856,-6.82355,4.59796
-0.480651,-4.17688,-6.73064,4.66031
-0.563559,-4.10399,-6.63845,4.52839
-0.644476,-3.98131,-6.55055,4.24117
-0.722637,-3.8323,-6.46942,3.86114
-0.797731,-3.67744,-6.39635,3.44338
-0.869781,-3.52932,-6.3317,3.0232
-0.938988,-3.39372,-6.27532,2.61856
-1.00562,-3.27217,-6.2268,2.23661
-1.06996,-3.16405,-6.18569,1.87892
-1.13227,-3.06778,-6.15149,1.54457
-1.19274,-2.98151,-6.12376,1.23184
-1.25158,-2.90342,-6.10209,0.938935
-1.30892,-2.8318,-6.08608,0.664293
-1.36489,-2.76518,-6.0754,0.406684
-1.41955,-2.70224,-6.06971,0.165195
-1.47299,-2.64188,-6.06869,-0.0608258
-1.52524,-2.58319,-6.07204,-0.271831
-1.57633,-2.52539,-6.07947,-0.468142
-1.62626,-2.46789,-6.09067,-0.649997
-1.67504,-2.4102,-6.10537,-0.817601
-1.72266,-2.35199,-6.12328,-0.971159
-1.76911,-2.29298,-6.14412,-1.11089
-1.81438,-2.23304,-6.16763,-1.23706
-1.85843,-2.17209,-6.19352,-1.34997
-1.90125,-2.11011,-6.22154,-1.44997
-1.94283,-2.04715,-6.25143,-1.53744
-1.98313,-1.9833,-6.28296,-1.61281
-2.02215,-1.91868,-6.31587,-1.67655
-2.05988,-1.85344,-6.34994,-1.72915
-2.09629,-1.78775,-6.38496,-1.77112
-2.13138,-1.72178,-6.42072,-1.80298
-2.16516,-1.65572,-6.45702,-1.82528
-2.19761,-1.58976,-6.49367,-1.83853
-2.22875,-1.52408,-6.5305,-1.8433
-2.25858,-1.45886,-6.56735,-1.84009
-2.28711,-1.39427,-6.60406,-1.82945
-2.31436,-1.33047,-6.64048,-1.81187
-2.34033,-1.26761,-6.67649,-1.78784
-2.36507,-1.20582,-6.71196,-1.75785
-2.38858,-1.14521,-6.74677,-1.72234
-2.41088,-1.08588,-6.78082,-1.68174
-2.43202,-1.02793,-6.81401,-1.63646
-2.45201,-0.971408,-6.84625,-1.58689
-2.47089,-0.916376,-6.87745,-1.53339
-2.48868,-0.862865,-6.90756,-1.47628
-2.50541,-0.810895,-6.93648,-1.41589
-2.52112,-0.76047,-6.96417,-1.35251
-2.53584,-0.711581,-6.99057,-1.28639
-2.5496,-0.664205,-7.01561,-1.2178
-2.56242,-0.618307,-7.03926,-1.14696
-2.57434,-0.573842,-7.06148,-1.07408
-2.58538,-0.530752,-7.08221,-0.99935
-2.59558,-0.488972,-7.10144,-0.922956
-2.60495,-0.448428,-7.11912,-0.845059
-2.61352,-0.409038,-7.13523,-0.765814
-2.62132,-0.370712,-7.14975,-0.685361
-2.62836,-0.333357,-7.16264,-0.603833
-2.63466,-0.296872,-7.17389,-0.521353
-2.64024,-0.261154,-7.18349,-0.438035
-2.64511,-0.226092,-7.19141,-0.35399
-2.64928,-0.191576,-7.19764,-0.26932
-2.65277,-0.157491,-7.20218,-0.184123
-2.65558,-0.12372,-7.20501,-0.0984947
-2.65772,-0.0901438,-7.20612,-0.0125249
-2.65919,-0.056643,-7.20551,0.0736973
-2.65999,-0.0230965,-7.20317,0.160085
-2.66011,0.0106168,-7.1991,0.246553
-2.65956,0.0446178,-7.19331,0.333016
-2.65833,0.0790272,-7.18578,0.419388
-2.6564,0.113964,-7.17653,0.505583
-2.65376,0.149547,-7.16556,0.591512
-2.65041,0.18589,-7.15287,0.677083
-2.64632,0.223106,-7.13848,0.762202
-2.64148,0.261306,-7.12239,0.846769
-2.63586,0.300593,-7.10461,0.930678
-2.62945,0.341068,-7.08517,1.01381
-2.62221,0.382825,-7.06407,1.09606
-2.61413,0.425952,-7.04133,1.17728
-2.60516,0.470529,-7.01698,1.25733
-2.59529,0.516626,-6.99105,1.33605
-2.58449,0.564306,-6.96355,1.41328
-2.57271,0.613618,-6.93453,1.48883
-2.55993,0.664602,-6.90401,1.56248
-2.54612,0.717283,-6.87204,1.63402
-2.53123,0.771671,-6.83867,1.7032
-2.51524,0.827763,-6.80393,1.76974
-2.49811,0.885537,-6.7679,1.83336
-2.47981,0.944956,-6.73062,1.89374
-2.4603,1.00596,-6.69217,1.95054
-2.43956,1.06849,-6.65262,2.00339
-2.41755,1.13243,-6.61206,2.0519
-2.39425,1.19769,-6.57058,2.09566
-2.36963,1.26412,-6.52827,2.13424
-2.34368,1.33159,-6.48525,2.16718
-2.31637,1.39994,-6.44163,2.19402
-2.28768,1.46897,-6.39753,2.21425
-2.2576,1.53851,-6.3531,2.22739
-2.22613,1.60834,-6.30849,2.23293
-2.19327,1.67825,-6.26384,2.23034
-2.15901,1.74802,-6.21933,2.2191
-2.12335,1.81743,-6.17514,2.19869
-2.08631,1.88623,-6.13145,2.16857
-2.04791,1.95421,-6.08846,2.12823
-2.00815,2.02112,-6.04639,2.07714
-1.96707,2.08675,-6.00545,2.01478
-1.92469,2.15087,-5.96588,1.94064
-1.88105,2.2133,-5.92791,1.85422
-1.83617,2.27384,-5.89179,1.75505
-1.79011,2.33235,-5.85779,1.6427
-1.74289,2.38871,-5.82618,1.51674
-1.69457,2.44286,-5.79722,1.37684
-1.64519,2.4948,-5.7712,1.2227
-1.5948,2.5446,-5.74841,1.05411
-1.54342,2.59244,-5.72913,0.870957
-1.49111,2.63861,-5.71366,0.67319
-1.43789,2.68353,-5.7023,0.460844
-1.38377,2.72777,-5.69533,0.234006
-1.32878,2.77205,-5.69304,-0.00723109
-1.27288,2.8173,-5.69571,-0.262824
-1.21607,2.8646,-5.70365,-0.532864
-1.15828,2.91528,-5.71713,-0.817682
-1.09943,2.97085,-5.73646,-1.11797
-1.0394,3.03309,-5.76195,-1.43489
-0.978045,3.10399,-5.79397,-1.77024
-0.915167,3.18583,-5.8329,-2.12648
-0.850522,3.28109,-5.87919,-2.50676
-0.783817,3.39236,-5.93336,-2.91454
-0.714706,3.52192,-5.99598,-3.3527
-0.64281,3.67083,-6.06767,-3.82122
-0.567756,3.83701,-6.14898,-4.31225
-0.48927,4.01166,-6.24015,-4.80126
-0.407363,4.1747,-6.34068,-5.23556
-0.322575,4.29382,-6.44866,-5.53193
-0.236129,4.3362,-6.56045,-5.60602
-0.149719,4.29124,-6.6712,-5.42974
-0.0649272,4.1798,-6.7763,-5.05446
0.0172641,4.03681,-6.87264,-4.56772
0.0965286,3.89079,-6.95876,-4.04152
0.172983,3.75748,-7.03432,-3.51654
0.246954,3.64291,-7.09954,-3.00975
0.31883,3.5478,-7.15486,-2.52533
0.388984,3.47042,-7.2007,-2.06199
0.457747,3.40813,-7.23746,-1.61674
0.525391,3.35804,-7.26547,-1.18661
0.592131,3.3173,-7.28501,-0.769369
0.658127,3.28321,-7.29632,-0.363673
0.723487,3.25324,-7.29963,0.0309503
0.788268,3.22506,-7.29516,0.414243
0.852487,3.19657,-7.28314,0.785395
0.916117,3.16588,-7.26383,1.14323
0.979096,3.13132,-7.23751,1.48637
1.04133,3.0915,-7.20448,1.81338
1.10271,3.04524,-7.16509,2.12289
1.16309,2.99161,-7.11969,2.41366
1.22232,2.92992,-7.06867,2.68464
1.28023,2.85969,-7.01244,2.93501
1.33665,2.78063,-6.95142,3.16421
1.3914,2.69269,-6.88602,3.37193
1.4443,2.59596,-6.81668,3.55812
1.49518,2.49072,-6.74384,3.72304
1.54388,2.37743,-6.6679,3.86723
1.59023,2.25667,-6.58928,3.99151
1.6341,2.12916,-6.50836,4.097
1.67536,1.99572,-6.42552,4.18505
1.71389,1.85722,-6.34107,4.2573
1.74962,1.71459,-6.25532,4.31554
1.78246,1.56874,-6.16853,4.36176
1.81235,1.42057,-6.08091,4.39804
1.83927,1.27089,-5.99266,4.42654
1.86318,1.12044,-5.90389,4.44945
1.88408,0.96984,-5.8147,4.46895
1.90198,0.819617,-5.72514,4.48719
1.91687,0.670166,-5.63521,4.50626
1.92879,0.521779,-5.54487,4.52814
1.93775,0.374661,-5.45405,4.55468
1.94379,0.22897,-5.36264,4.58755
1.94692,0.0848714,-5.2705,4.6281
1.94719,-0.0573795,-5.17746,4.67727
1.94464,-0.197316,-5.08335,4.73526
1.93932,-0.334101,-4.98799,4.80127
1.93131,-0.466343,-4.89126,4.873
1.92071,-0.591909,-4.79306,4.94624
1.9077,-0.707863,-4.69344,5.01467
1.89249,-0.81064,-4.59256,5.07021
1.87538,-0.896614,-4.49078,5.10429
1.85675,-0.963014,-4.38858,5.11001
1.837,-1.00883,-4.28659,5.08433
1.81653,-1.03524,-4.18541,5.02909
1.7957,-1.04525,-4.08558,4.9503
1.7748,-1.04283,-3.9875,4.85612
1.75404,-1.03196,-3.89138,4.75475
1.73356,-1.01604,-3.79731,4.653
1.71342,-0.997626,-3.70523,4.55589
1.69366,-0.978491,-3.61502,4.46668
1.67428,-0.959757,-3.5265,4.38731
1.65526,-0.942071,-3.43946,4.31875
1.63658,-0.925758,-3.35367,4.26137
1.61822,-0.910934,-3.26893,4.21519
1.60014,-0.89759,-3.18499,4.18003
1.58231,-0.885651,-3.10165,4.15562
1.5647,-0.875013,-3.0187,4.14167
1.5473,-0.865584,-2.93592,4.13785
1.53007,-0.857303,-2.85312,4.14383
1.513,-0.850175,-2.7701,4.15922
1.49606,-0.844301,-2.68669,4.1835
1.47922,-0.839923,-2.60271,4.216
1.46245,-0.837467,-2.518,4.2557
1.4457,-0.837604,-2.43244,4.30118
1.42892,-0.841301,-2.34593,4.35045
1.41202,-0.849862,-2.25842,4.40083
1.39488,-0.864913,-2.16991,4.44902
1.37736,-0.888313,-2.0805,4.49125
1.35928,-0.921949,-1.99033,4.52375
1.34041,-0.967422,-1.89963,4.54348